Workbook

Sheet Sheet1
A1: userid | B1: password | C1: pdf
A2: =[1]값목록!A1 -> 이상수 | B2: =[1]값목록!B1 -> 14816 | C2: =A2&".pdf" -> 이상수.pdf
A3: =[1]값목록!A2 -> 김민수 | B3: =[1]값목록!B2 -> 56296 | C3: =A3&".pdf" -> 김민수.pdf
A4: =[1]값목록!A3 -> 박종은 | B4: =[1]값목록!B3 -> 40798 | C4: =A4&".pdf" -> 박종은.pdf
A5: =[1]값목록!A4 -> 최우진 | B5: =[1]값목록!B4 -> 42510 | C5: =A5&".pdf" -> 최우진.pdf
A6: =[1]값목록!A5 -> 이복미 | B6: =[1]값목록!B5 -> 23631 | C6: =A6&".pdf" -> 이복미.pdf
A7: =[1]값목록!A6 -> 정희수 | B7: =[1]값목록!B6 -> 81271 | C7: =A7&".pdf" -> 정희수.pdf
A8: =[1]값목록!A7 -> 안정숙 | B8: =[1]값목록!B7 -> 08982 | C8: =A8&".pdf" -> 안정숙.pdf
A9: =[1]값목록!A8 -> 황경애 | B9: =[1]값목록!B8 -> 49126 | C9: =A9&".pdf" -> 황경애.pdf
A10: =[1]값목록!A9 -> 최지혜 | B10: =[1]값목록!B9 -> 50835 | C10: =A10&".pdf" -> 최지혜.pdf
A11: =[1]값목록!A10 -> 양유정 | B11: =[1]값목록!B10 -> 52172 | C11: =A11&".pdf" -> 양유정.pdf
A12: =[1]값목록!A11 -> 안가을 | B12: =[1]값목록!B11 -> 75095 | C12: =A12&".pdf" -> 안가을.pdf
A13: =[1]값목록!A12 -> 설정열 | B13: =[1]값목록!B12 -> 44893 | C13: =A13&".pdf" -> 설정열.pdf
... A21: =[1]값목록!A20 -> 윤상문 | B21: =[1]값목록!B20 -> 71319 | C21: =A21&".pdf" -> 윤상문.pdf
A22: 이상률 | B22: 32373 | C22: =A22&".pdf" -> 이상률.pdf
A23: 이영승 | B23: 82027 | C23: =A23&".pdf" -> 이영승.pdf
A24: 이영일 | B24: 56455 | C24: =A24&".pdf" -> 이영일.pdf
A25: 강재병 | B25: 28869 | C25: =A25&".pdf" -> 강재병.pdf
A26: 서원 | B26: 11065 | C26: =A26&".pdf" -> 서원.pdf
A27: 반재호 | B27: 65903 | C27: =A27&".pdf" -> 반재호.pdf
A28: 송순천 | B28: 46327 | C28: =A28&".pdf" -> 송순천.pdf
A29: 최재경 | B29: 33130 | C29: =A29&".pdf" -> 최재경.pdf
A30: 유재철 | B30: 27154 | C30: =A30&".pdf" -> 유재철.pdf
A31: 송영선 | B31: 74395 | C31: =A31&".pdf" -> 송영선.pdf
A32: 조상숙 | B32: 39673 | C32: =A32&".pdf" -> 조상숙.pdf
A33: 김상태 | B33: 43168 | C33: =A33&".pdf" -> 김상태.pdf
... A53: 정태흥 | B53: 29464 | C53: =A53&".pdf" -> 정태흥.pdf
A54: 최두나 | B54: 50436 | C54: =A54&".pdf" -> 최두나.pdf
A55: 이지훈 | B55: 80660 | C55: =A55&".pdf" -> 이지훈.pdf
A56: 최정홍 | B56: 47588 | C56: =A56&".pdf" -> 최정홍.pdf
A57: 이상곤 | B57: 37422 | C57: =A57&".pdf" -> 이상곤.pdf
A58: 안상오 | B58: 19448 | C58: =A58&".pdf" -> 안상오.pdf
A59: 류해원 | B59: 42348 | C59: =A59&".pdf" -> 류해원.pdf
A60: 김한섭 | B60: 84083 | C60: =A60&".pdf" -> 김한섭.pdf
A61: 박웅 | B61: 62768 | C61: =A61&".pdf" -> 박웅.pdf
A62: 권영신 | B62: 18711 | C62: =A62&".pdf" -> 권영신.pdf
A63: 박수민 | B63: 31875 | C63: =A63&".pdf" -> 박수민.pdf
A64: 김민혜 | B64: 61795 | C64: =A64&".pdf" -> 김민혜.pdf
A65: 김광수 | B65: 27267 | C65: =A65&".pdf" -> 김광수.pdf
A66: 김일환 | B66: 42544 | C66: =A66&".pdf" -> 김일환.pdf
A67: 이정희 | B67: 37487 | C67: =A67&".pdf" -> 이정희.pdf
A68: 박원규 | B68: 14041 | C68: =A68&".pdf" -> 박원규.pdf
A69: 김기범 | B69: 39841 | C69: =A69&".pdf" -> 김기범.pdf
A70: 정상임 | B70: 42580 | C70: =A70&".pdf" -> 정상임.pdf
A71: 정은숙 | B71: 48883 | C71: =A71&".pdf" -> 정은숙.pdf
A72: 남궁석민 | B72: 37078 | C72: =A72&".pdf" -> 남궁석민.pdf
A73: 이중배 | B73: 78898 | C73: =A73&".pdf" -> 이중배.pdf
A74: 김예지 | B74: 74476 | C74: =A74&".pdf" -> 김예지.pdf
A75: 이상희 | B75: 31381 | C75: =A75&".pdf" -> 이상희.pdf
A76: 안광린 | B76: 19742 | C76: =A76&".pdf" -> 안광린.pdf
A77: 송관식 | B77: 31699 | C77: =A77&".pdf" -> 송관식.pdf
A78: 장유진 | B78: 71897 | C78: =A78&".pdf" -> 장유진.pdf
A79: 김수정 | B79: 57816 | C79: =A79&".pdf" -> 김수정.pdf
A80: 박창열 | B80: 21829 | C80: =A80&".pdf" -> 박창열.pdf
A81: 현명한 | B81: 46088 | C81: =A81&".pdf" -> 현명한.pdf
A82: 정미근 | B82: 22257 | C82: =A82&".pdf" -> 정미근.pdf
A83: 윤웅섭 | B83: 46805 | C83: =A83&".pdf" -> 윤웅섭.pdf
A84: 신동윤 | B84: 43499 | C84: =A84&".pdf" -> 신동윤.pdf
A85: 정숙자 | B85: 39490 | C85: =A85&".pdf" -> 정숙자.pdf
A86: 임병희 | B86: 06096 | C86: =A86&".pdf" -> 임병희.pdf
A87: 노성희 | B87: 37638 | C87: =A87&".pdf" -> 노성희.pdf
A88: 강경화 | B88: 32618 | C88: =A88&".pdf" -> 강경화.pdf
A89: 김규홍 | B89: 74909 | C89: =A89&".pdf" -> 김규홍.pdf
A90: 최종진 | B90: 50649 | C90: =A90&".pdf" -> 최종진.pdf
A91: 백승록 | B91: 26941 | C91: =A91&".pdf" -> 백승록.pdf
A92: 장원식 | B92: 39399 | C92: =A92&".pdf" -> 장원식.pdf
A93: 조병훈 | B93: 46002 | C93: =A93&".pdf" -> 조병훈.pdf
A94: 김경민 | B94: 57392 | C94: =A94&".pdf" -> 김경민.pdf
A95: 전유라 | B95: 75176 | C95: =A95&".pdf" -> 전유라.pdf
... A102: 김영원 | B102: 40501 | C102: =A102&".pdf" -> 김영원.pdf
A103: 김정수 | B103: 26338 | C103: =A103&".pdf" -> 김정수.pdf
A104: 김정수1 | B104: 26322 | C104: =A104&".pdf" -> 김정수1.pdf
A105: 우종오 | B105: 30160 | C105: =A105&".pdf" -> 우종오.pdf
A106: 고성권 | B106: 25535 | C106: =A106&".pdf" -> 고성권.pdf
A107: 박해일 | B107: 25385 | C107: =A107&".pdf" -> 박해일.pdf
A108: 이상준 | B108: 21622 | C108: =A108&".pdf" -> 이상준.pdf
A109: 정남주 | B109: 40004 | C109: =A109&".pdf" -> 정남주.pdf
A110: 이현상 | B110: 69021 | C110: =A110&".pdf" -> 이현상.pdf
A111: 정원석 | B111: 67968 | C111: =A111&".pdf" -> 정원석.pdf
A112: 신성희 | B112: 29322 | C112: =A112&".pdf" -> 신성희.pdf
A113: 여유정 | B113: 26480 | C113: =A113&".pdf" -> 여유정.pdf
A114: 조찬원 | B114: 32135 | C114: =A114&".pdf" -> 조찬원.pdf
A115: 최소영 | B115: 80593 | C115: =A115&".pdf" -> 최소영.pdf
A116: 이미정 | B116: 33702 | C116: =A116&".pdf" -> 이미정.pdf
A117: 김영현 | B117: 41892 | C117: =A117&".pdf" -> 김영현.pdf
A118: 궁영균 | B118: 32010 | C118: =A118&".pdf" -> 궁영균.pdf
A119: 오세덕 | B119: 37402 | C119: =A119&".pdf" -> 오세덕.pdf
A120: 문경조 | B120: 69576 | C120: =A120&".pdf" -> 문경조.pdf
A121: 정유섭 | B121: 18284 | C121: =A121&".pdf" -> 정유섭.pdf
A122: 송진용 | B122: 21433 | C122: =A122&".pdf" -> 송진용.pdf
A123: 김은영 | B123: 44929 | C123: =A123&".pdf" -> 김은영.pdf
A124: 홍재현 | B124: 42615 | C124: =A124&".pdf" -> 홍재현.pdf
A125: 조영은 | B125: 68799 | C125: =A125&".pdf" -> 조영은.pdf
A126: 임철웅 | B126: 45381 | C126: =A126&".pdf" -> 임철웅.pdf
A127: 김정숙 | B127: 42496 | C127: =A127&".pdf" -> 김정숙.pdf
A128: 문보성 | B128: 55001 | C128: =A128&".pdf" -> 문보성.pdf
A129: 이강현 | B129: 32289 | C129: =A129&".pdf" -> 이강현.pdf
A130: 김준영 | B130: 70583 | C130: =A130&".pdf" -> 김준영.pdf
A131: 윤희지 | B131: 85349 | C131: =A131&".pdf" -> 윤희지.pdf
A132: 오진혁 | B132: 82780 | C132: =A132&".pdf" -> 오진혁.pdf
...
